{"0": {"observation": [[106.0, -135.5, 0.0], [63.0, -80.0, 0.0], [63.0, -46.0, 0.0], [63.5, -62.0, 0.0], [38.5, -85.0, 0.0], [53.0, -56.5, 0.0], [32.5, -53.49993896484375, 0.0], [45.0, -31.99993896484375, 0.0], [27.5, -29.0, 0.0], [38.0, -41.5, 0.0], [23.0, -25.49993896484375, 0.0], [23.0, -13.5, 0.0], [23.0, -7.5, 0.0], [23.0, -3.5, 0.0], [14.0, -3.49993896484375, 0.0], [14.0, -4.5, 0.0], [19.5, -6.5, 0.0], [19.5, -3.49993896484375, 0.0], [11.5, -4.5, 0.0], [16.0, -4.5, 0.0], [22.0, -3.5, 0.0], [14.0, -2.5, 0.0], [14.0, -4.0, 0.0], [8.0, -4.0, 0.0], [5.0, -4.5, 0.0], [7.0, -2.5, 0.0], [7.0, -2.0, 0.0], [9.5, -2.5, 0.0], [13.42962646484375, -1.9034423828125, 0.009258994476824375], [19.02911376953125, -1.14801025390625, 0.010988568842316825], [18.95172119140625, -0.54010009765625, 0.019605330578998277], [11.5, -1.49993896484375, 0.0], [7.0, -2.5, 0.0], [7.0, -3.5, 0.0], [3.5, -2.5, 0.0]], "action": [[0.0, -0.0219, 0.0], [0.0106, -0.01355, 0.0], [0.0, -0.008, 0.0], [0.0, 0.0046, -0.0], [0.00635, 0.0062, 0.0], [-0.00385, -0.0085, 0.0], [0.0053, 0.0, 0.0], [-0.00325, -0.005349993896484375, 0.0], [0.0045, 0.0, 0.0], [-0.00275, 0.0029, 0.0], [0.0038, -0.00415, 0.0], [0.0, -0.002549993896484375, 0.0], [0.0, -0.00135, -0.0], [0.0, -0.00075, -0.0], [0.0023, 0.00035, 0.0], [0.0, 0.0, -0.0], [-0.0014, 0.00045, -0.0], [0.0, -0.00065, 0.0], [0.00195, 0.000349993896484375, 0.0], [-0.00115, 0.0, -0.0], [-0.0016, -0.00045, -0.0], [0.0022, 0.0, 0.0], [0.0, 0.00025, 0.0], [0.0014, 0.0, 0.0], [0.0008, 0.0, 0.0], [-0.0005, -0.00045, 0.0], [0.0, 0.0, 0.0], [-0.0007, 0.0002, -0.0], [-0.00095, -0.00025, 0.0], [-0.001342962646484375, 0.0, -0.009258994476824375], [0.0, 0.000114801025390625, -0.010988568842316825], [0.001895172119140625, -5.4010009765625e-05, 0.019605330578998277], [0.00115, 0.000149993896484375, -0.0], [0.0, 0.00025, 0.0], [0.0007, -0.00035, 0.0]], "num": 35}}