{"0": {"observation": [[207.04348754882812, 127.30657958984375, 0.3631469817675237], [117.58218383789062, 119.78076171875, 0.35877070901673735], [99.50003051757812, 73.5, 0.0], [99.5, 73.5, 0.0], [129.00003051757812, 31.50006103515625, 0.0], [78.0, 48.5, 0.0], [42.5, 42.5, 0.0], [52.52587890625, 17.78125, 0.009523522314772203], [32.222869873046875, 24.87860107421875, 0.010308912447074488], [41.065032958984375, 11.01702880859375, 0.010869136470399778], [39.3948974609375, 6.65087890625, 0.020405329606295878], [39.5360107421875, 6.27166748046875, 0.020830320182002083], [55.19580078125, 2.6673583984375, 0.024994794644126853], [34.28179931640625, 10.7420654296875, 0.022984457561010106], [22.0, 14.5, 0.0], [28.0, 5.50006103515625, 0.0], [16.5, 7.0, 0.0], [23.0, 4.5, 0.0], [23.0, 4.5, 0.0], [14.0, 7.5, 0.0], [14.0, 8.0, 0.0], [15.0, 10.5, 0.0], [8.0, 9.5, 0.0], [4.0, 6.5, 0.0], [4.0, 6.50006103515625, 0.0], [3.5, 6.5, 0.0], [1.5, 4.5, 0.0], [2.5, 5.5, 0.0], [2.5, 6.00006103515625, 0.0], [3.0, 3.50006103515625, 0.0], [3.0, 3.00006103515625, 0.0], [4.0, 2.50006103515625, 0.0]], "action": [[0.0, 0.020433554077148437, 0.0], [0.020704348754882813, 0.0, 0.0], [0.011758218383789062, 0.0, 0.35877070901673735], [0.0, 0.0, -0.0], [-0.00995, 0.00735, -0.0], [0.012900003051757812, 0.0, 0.0], [0.0078, 0.00485, 0.0], [-0.00425, 0.00425, -0.0], [0.005252587890625, 0.0, -0.009523522314772203], [-0.0032222869873046876, 0.002487860107421875, 0.0], [0.0, 0.001101702880859375, -0.010869136470399778], [0.0, 0.0, 0.0], [-0.00395360107421875, -0.000627166748046875, 0.0], [0.005519580078125, 0.0, 0.0], [0.003428179931640625, 0.0, 0.022984457561010106], [-0.0022, 0.00145, 0.0], [0.0028, 0.000550006103515625, -0.0], [-0.00165, 0.0, 0.0], [0.0, 0.0, 0.0], [0.0023, 0.0, 0.0], [0.0, 0.0, 0.0], [0.0, -0.0008, -0.0], [0.0015, 0.00105, -0.0], [0.0008, 0.00095, 0.0], [0.0, 0.0, 0.0], [0.0, 0.0, -0.0], [0.00035, 0.00065, 0.0], [-0.00015, -0.00045, 0.0], [0.0, 0.0, 0.0], [-0.00025, 0.000600006103515625, -0.0], [0.0, 0.0, -0.0], [-0.0003, 0.0, -0.0]], "num": 32}}